run_id,note,engine,mode,shards,server_threads,shard_io_threads,cores_used,server_cpus,client_cpus,client_threads,client_conns,pipeline,ratio,data_bytes,key_max,test_time,populate,rep,ops_per_sec,ops_per_core,p50_ms,p99_ms,p999_ms,hit_rate,hits_per_sec,misses_per_sec,conn_errors,kb_per_sec
20260901-083406,scale-4c,dragonfly,single,4,4,1,4,0-3,0-95,48,20,1,1:10,100,1000000,20,1,1,656879.08,164219.77,1.439,2.911,4.063,1.0,597140.55,0.0,0,91311.1
20260901-083406,scale-4c,dragonfly,single,4,4,1,4,0-3,0-95,48,20,1,1:1,100,1000000,20,1,1,628338.58,157084.64,1.495,2.943,3.951,1.0,314157.37,0.0,0,88598.79
20260901-083406,scale-4c,dragonfly,single,4,4,1,4,0-3,0-95,48,20,1,mget10,100,1000000,20,1,1,246302.3,61575.57,3.727,8.127,10.495,1.0,2463023.0,0.0,0,629653.1
20260901-083406,scale-4c,dragonfly,single,4,4,1,4,0-3,0-95,48,20,1,mset10,100,1000000,20,1,1,159081.26,39770.32,4.991,18.687,26.879,,0.0,0.0,0,406679.23
20260901-083406,scale-4c,dragonfly,single,4,4,1,4,0-3,0-95,48,20,1,1:10,100,1000000,20,1,2,627054.75,156763.69,1.503,2.879,3.903,1.0,570028.35,0.0,0,87165.3
20260901-083406,scale-4c,dragonfly,single,4,4,1,4,0-3,0-95,48,20,1,1:1,100,1000000,20,1,2,629321.67,157330.42,1.503,2.671,3.759,1.0,314649.31,0.0,0,88737.44
20260901-083406,scale-4c,dragonfly,single,4,4,1,4,0-3,0-95,48,20,1,mget10,100,1000000,20,1,2,246340.88,61585.22,3.711,8.095,10.367,1.0,2463408.79,0.0,0,629751.73
20260901-083406,scale-4c,dragonfly,single,4,4,1,4,0-3,0-95,48,20,1,mset10,100,1000000,20,1,2,159038.15,39759.54,4.991,18.559,26.111,,0.0,0.0,0,406569.03
20260901-083406,scale-4c,dragonfly,single,4,4,1,4,0-3,0-95,48,20,16,1:10,100,1000000,20,1,1,2043689.61,510922.4,6.655,20.223,27.007,1.0,1857879.46,0.0,0,284087.9
20260901-083406,scale-4c,dragonfly,single,4,4,1,4,0-3,0-95,48,20,16,1:1,100,1000000,20,1,1,2083013.93,520753.48,6.527,19.967,26.495,1.0,1041502.09,0.0,0,293715.03
20260901-083406,scale-4c,dragonfly,single,4,4,1,4,0-3,0-95,48,20,16,mget10,100,1000000,20,1,1,262453.42,65613.35,58.111,81.919,93.183,1.0,2630801.03,0.0,0,670942.16
20260901-083406,scale-4c,dragonfly,single,4,4,1,4,0-3,0-95,48,20,16,mset10,100,1000000,20,1,1,182279.02,45569.75,83.455,125.439,143.359,,0.0,0.0,0,465982.64
20260901-083406,scale-4c,dragonfly,single,4,4,1,4,0-3,0-95,48,20,16,1:10,100,1000000,20,1,2,2040857.08,510214.27,6.655,20.479,28.031,1.0,1855303.19,0.0,0,283694.15
20260901-083406,scale-4c,dragonfly,single,4,4,1,4,0-3,0-95,48,20,16,1:1,100,1000000,20,1,2,2080716.08,520179.02,6.495,20.095,26.879,1.0,1040352.34,0.0,0,293391.03
20260901-083406,scale-4c,dragonfly,single,4,4,1,4,0-3,0-95,48,20,16,mget10,100,1000000,20,1,2,262684.73,65671.18,58.111,81.919,93.695,1.0,2633107.87,0.0,0,671533.57
20260901-083406,scale-4c,dragonfly,single,4,4,1,4,0-3,0-95,48,20,16,mset10,100,1000000,20,1,2,182657.97,45664.49,82.943,125.439,142.335,,0.0,0.0,0,466951.34
20260901-083406,scale-4c,dragonfly,single,4,4,1,4,0-3,0-95,48,20,1,1:10,1024,1000000,20,1,1,544241.45,136060.36,1.751,2.735,3.055,1.0,494743.06,0.0,0,567277.98
20260901-083406,scale-4c,dragonfly,single,4,4,1,4,0-3,0-95,48,20,1,1:1,1024,1000000,20,1,1,552219.35,138054.84,1.727,2.751,3.439,1.0,276097.57,0.0,0,576696.56
20260901-083406,scale-4c,dragonfly,single,4,4,1,4,0-3,0-95,48,20,1,mget10,1024,1000000,20,1,1,149230.44,37307.61,6.143,13.247,16.895,1.0,1492304.45,0.0,0,3077554.16
20260901-083406,scale-4c,dragonfly,single,4,4,1,4,0-3,0-95,48,20,1,mset10,1024,1000000,20,1,1,119738.59,29934.65,6.687,24.575,35.839,,0.0,0.0,0,2469348.67
20260901-083406,scale-4c,dragonfly,single,4,4,1,4,0-3,0-95,48,20,1,1:10,1024,1000000,20,1,2,547453.31,136863.33,1.735,2.767,3.295,1.0,497663.34,0.0,0,570625.8
20260901-083406,scale-4c,dragonfly,single,4,4,1,4,0-3,0-95,48,20,1,1:1,1024,1000000,20,1,2,555650.88,138912.72,1.727,2.671,3.055,1.0,277813.89,0.0,0,580280.19
20260901-083406,scale-4c,dragonfly,single,4,4,1,4,0-3,0-95,48,20,1,mget10,1024,1000000,20,1,2,149482.55,37370.64,6.111,13.247,16.895,1.0,1494825.5,0.0,0,3082753.36
20260901-083406,scale-4c,dragonfly,single,4,4,1,4,0-3,0-95,48,20,1,mset10,1024,1000000,20,1,2,119632.0,29908.0,6.687,24.831,35.583,,0.0,0.0,0,2467150.53
20260901-083406,scale-4c,dragonfly,single,4,4,1,4,0-3,0-95,48,20,16,1:10,1024,1000000,20,1,1,977697.45,244424.36,15.039,34.047,44.031,1.0,888791.61,0.0,0,1019081.17
20260901-083406,scale-4c,dragonfly,single,4,4,1,4,0-3,0-95,48,20,16,1:1,1024,1000000,20,1,1,1179930.92,294982.73,11.199,38.143,51.455,1.0,589941.87,0.0,0,1232231.58
20260901-083406,scale-4c,dragonfly,single,4,4,1,4,0-3,0-95,48,20,16,mget10,1024,1000000,20,1,1,135704.34,33926.08,110.591,172.031,197.631,1.0,1364233.82,0.0,0,2798607.64
20260901-083406,scale-4c,dragonfly,single,4,4,1,4,0-3,0-95,48,20,16,mset10,1024,1000000,20,1,1,124542.72,31135.68,121.855,186.367,214.015,,0.0,0.0,0,2568423.46
20260901-083406,scale-4c,dragonfly,single,4,4,1,4,0-3,0-95,48,20,16,1:10,1024,1000000,20,1,2,963774.53,240943.63,15.231,34.559,44.287,1.0,876133.31,0.0,0,1004568.95
20260901-083406,scale-4c,dragonfly,single,4,4,1,4,0-3,0-95,48,20,16,1:1,1024,1000000,20,1,2,1138912.51,284728.13,11.775,38.399,52.991,1.0,569433.44,0.0,0,1189395.08
20260901-083406,scale-4c,dragonfly,single,4,4,1,4,0-3,0-95,48,20,16,mget10,1024,1000000,20,1,2,135448.55,33862.14,111.103,172.031,196.607,1.0,1361673.86,0.0,0,2793332.53
20260901-083406,scale-4c,dragonfly,single,4,4,1,4,0-3,0-95,48,20,16,mset10,1024,1000000,20,1,2,124826.72,31206.68,121.343,185.343,212.991,,0.0,0.0,0,2574280.33
20260901-083406,scale-4c,redis,cluster,4,4,1,4,0-3,0-95,48,20,1,1:10,100,1000000,20,1,1,728963.8,182240.95,0.375,9.407,9.983,0.9996,662386.91,285.88,0,101302.63
20260901-083406,scale-4c,redis,cluster,4,4,1,4,0-3,0-95,48,20,1,1:1,100,1000000,20,1,1,729037.94,182259.48,0.375,9.535,10.047,1.0,364495.8,10.45,0,102796.86
20260901-083406,scale-4c,redis,cluster,4,4,1,4,0-3,0-95,48,20,1,1:10,100,1000000,20,1,2,733670.21,183417.55,0.367,9.471,9.983,1.0,666952.08,0.0,0,101985.61
20260901-083406,scale-4c,redis,cluster,4,4,1,4,0-3,0-95,48,20,1,1:1,100,1000000,20,1,2,722864.95,180716.24,0.375,9.599,10.111,1.0,361420.17,0.0,0,101927.49
20260901-083406,scale-4c,redis,cluster,4,4,1,4,0-3,0-95,48,20,16,1:10,100,1000000,20,1,1,3231614.74,807903.69,15.423,26.111,30.847,1.0,2937811.0,0.0,0,449217.93
20260901-083406,scale-4c,redis,cluster,4,4,1,4,0-3,0-95,48,20,16,1:1,100,1000000,20,1,1,3112849.21,778212.3,15.871,27.391,32.639,1.0,1556417.23,0.0,0,438926.6
20260901-083406,scale-4c,redis,cluster,4,4,1,4,0-3,0-95,48,20,16,1:10,100,1000000,20,1,2,3223920.39,805980.1,15.423,26.239,31.231,1.0,2930814.13,0.0,0,448148.38
20260901-083406,scale-4c,redis,cluster,4,4,1,4,0-3,0-95,48,20,16,1:1,100,1000000,20,1,2,3113500.87,778375.22,15.935,27.135,32.127,1.0,1556737.04,0.0,0,439018.55
20260901-083406,scale-4c,redis,cluster,4,4,1,4,0-3,0-95,48,20,1,1:10,1024,1000000,20,1,1,661177.56,165294.39,0.399,10.495,11.007,1.0,601048.61,0.0,0,689163.73
20260901-083406,scale-4c,redis,cluster,4,4,1,4,0-3,0-95,48,20,1,1:1,1024,1000000,20,1,1,650230.64,162557.66,0.407,10.687,11.199,1.0,325102.7,0.0,0,679052.26
20260901-083406,scale-4c,redis,cluster,4,4,1,4,0-3,0-95,48,20,1,1:10,1024,1000000,20,1,2,660570.79,165142.7,0.391,10.495,11.071,1.0,600496.71,0.0,0,688531.27
20260901-083406,scale-4c,redis,cluster,4,4,1,4,0-3,0-95,48,20,1,1:1,1024,1000000,20,1,2,651147.38,162786.85,0.407,10.623,11.199,1.0,325561.29,0.0,0,680009.63
20260901-083406,scale-4c,redis,cluster,4,4,1,4,0-3,0-95,48,20,16,1:10,1024,1000000,20,1,1,1988496.59,497124.15,19.711,49.919,60.159,1.0,1807700.96,0.0,0,2072665.04
20260901-083406,scale-4c,redis,cluster,4,4,1,4,0-3,0-95,48,20,16,1:1,1024,1000000,20,1,1,2036985.67,509246.42,23.679,46.335,57.343,1.0,1018474.94,0.0,0,2127275.43
20260901-083406,scale-4c,redis,cluster,4,4,1,4,0-3,0-95,48,20,16,1:10,1024,1000000,20,1,2,1993093.14,498273.28,19.967,49.407,60.415,1.0,1811876.23,0.0,0,2077456.17
20260901-083406,scale-4c,redis,cluster,4,4,1,4,0-3,0-95,48,20,16,1:1,1024,1000000,20,1,2,2033839.47,508459.87,23.807,46.591,56.831,1.0,1016883.8,0.0,0,2123989.87
20260901-083406,scale-4c,valkey,cluster,4,4,1,4,0-3,0-95,48,20,1,1:10,100,1000000,20,1,1,761082.59,190270.65,0.359,9.407,9.983,1.0,691870.33,0.0,0,105796.17
20260901-083406,scale-4c,valkey,cluster,4,4,1,4,0-3,0-95,48,20,1,1:1,100,1000000,20,1,1,719985.09,179996.27,0.375,9.599,10.111,1.0,359979.92,0.0,0,101521.42
20260901-083406,scale-4c,valkey,cluster,4,4,1,4,0-3,0-95,48,20,1,1:10,100,1000000,20,1,2,732670.26,183167.57,0.375,9.471,9.983,1.0,666042.35,0.0,0,101846.62
20260901-083406,scale-4c,valkey,cluster,4,4,1,4,0-3,0-95,48,20,1,1:1,100,1000000,20,1,2,725152.4,181288.1,0.375,9.535,10.047,1.0,362563.7,0.0,0,102250.03
20260901-083406,scale-4c,valkey,cluster,4,4,1,4,0-3,0-95,48,20,16,1:10,100,1000000,20,1,1,3129535.28,782383.82,15.743,27.391,33.023,1.0,2845011.81,0.0,0,435028.18
20260901-083406,scale-4c,valkey,cluster,4,4,1,4,0-3,0-95,48,20,16,1:1,100,1000000,20,1,1,3021433.82,755358.45,16.383,28.671,34.559,1.0,1510704.26,0.0,0,426036.67
20260901-083406,scale-4c,valkey,cluster,4,4,1,4,0-3,0-95,48,20,16,1:10,100,1000000,20,1,2,3122713.07,780678.27,15.871,27.263,32.639,1.0,2838809.11,0.0,0,434079.86
20260901-083406,scale-4c,valkey,cluster,4,4,1,4,0-3,0-95,48,20,16,1:1,100,1000000,20,1,2,3005713.81,751428.45,16.319,29.055,35.071,1.0,1502839.11,0.0,0,423820.12
20260901-083406,scale-4c,valkey,cluster,4,4,1,4,0-3,0-95,48,20,1,1:10,1024,1000000,20,1,1,651168.89,162792.22,0.399,10.623,11.199,1.0,591950.2,0.0,0,678731.42
20260901-083406,scale-4c,valkey,cluster,4,4,1,4,0-3,0-95,48,20,1,1:1,1024,1000000,20,1,1,651019.75,162754.94,0.399,10.623,11.135,1.0,325497.85,0.0,0,679876.34
20260901-083406,scale-4c,valkey,cluster,4,4,1,4,0-3,0-95,48,20,1,1:10,1024,1000000,20,1,2,657844.62,164461.15,0.399,10.495,11.071,1.0,598018.12,0.0,0,685689.72
20260901-083406,scale-4c,valkey,cluster,4,4,1,4,0-3,0-95,48,20,1,1:1,1024,1000000,20,1,2,653518.64,163379.66,0.407,10.623,11.135,1.0,326747.32,0.0,0,682485.98
20260901-083406,scale-4c,valkey,cluster,4,4,1,4,0-3,0-95,48,20,16,1:10,1024,1000000,20,1,1,1920734.32,480183.58,20.223,50.687,62.463,1.0,1746093.76,0.0,0,2002034.55
20260901-083406,scale-4c,valkey,cluster,4,4,1,4,0-3,0-95,48,20,16,1:1,1024,1000000,20,1,1,1968512.79,492128.2,22.655,49.919,64.255,1.0,984226.1,0.0,0,2055767.52
20260901-083406,scale-4c,valkey,cluster,4,4,1,4,0-3,0-95,48,20,16,1:10,1024,1000000,20,1,2,1906306.1,476576.53,19.327,50.431,62.719,1.0,1732983.94,0.0,0,1986995.6
20260901-083406,scale-4c,valkey,cluster,4,4,1,4,0-3,0-95,48,20,16,1:1,1024,1000000,20,1,2,1941145.35,485286.34,22.143,48.895,64.255,1.0,970543.59,0.0,0,2027187.03
20260901-083406,scale-8c,dragonfly,single,8,8,1,8,0-3,0-95,48,20,1,1:10,100,1000000,20,1,1,1263464.18,157933.02,0.751,1.319,1.527,1.0,1148582.32,0.0,0,175630.85
20260901-083406,scale-8c,dragonfly,single,8,8,1,8,0-3,0-95,48,20,1,1:1,100,1000000,20,1,1,1207706.79,150963.35,0.783,1.327,1.527,1.0,603842.35,0.0,0,170292.52
20260901-083406,scale-8c,dragonfly,single,8,8,1,8,0-3,0-95,48,20,1,mget10,100,1000000,20,1,1,438913.92,54864.24,2.063,4.511,5.855,1.0,4389139.25,0.0,0,1122049.64
20260901-083406,scale-8c,dragonfly,single,8,8,1,8,0-3,0-95,48,20,1,mset10,100,1000000,20,1,1,327440.59,40930.07,2.607,8.255,12.351,,0.0,0.0,0,837076.8
20260901-083406,scale-8c,dragonfly,single,8,8,1,8,0-3,0-95,48,20,1,1:10,100,1000000,20,1,2,1212863.04,151607.88,0.783,1.343,1.543,1.0,1102580.62,0.0,0,168596.92
20260901-083406,scale-8c,dragonfly,single,8,8,1,8,0-3,0-95,48,20,1,1:1,100,1000000,20,1,2,1212581.65,151572.71,0.791,1.295,1.503,1.0,606277.97,0.0,0,170979.86
20260901-083406,scale-8c,dragonfly,single,8,8,1,8,0-3,0-95,48,20,1,mget10,100,1000000,20,1,2,439864.92,54983.11,2.063,4.479,5.759,1.0,4398649.18,0.0,0,1124480.9
20260901-083406,scale-8c,dragonfly,single,8,8,1,8,0-3,0-95,48,20,1,mset10,100,1000000,20,1,2,328724.46,41090.56,2.607,8.127,11.967,,0.0,0.0,0,840358.76
20260901-083406,scale-8c,dragonfly,single,8,8,1,8,0-3,0-95,48,20,16,1:10,100,1000000,20,1,1,3675226.4,459403.3,3.951,9.087,11.519,1.0,3341092.14,0.0,0,510883.14
20260901-083406,scale-8c,dragonfly,single,8,8,1,8,0-3,0-95,48,20,16,1:1,100,1000000,20,1,1,3744806.07,468100.76,3.887,8.831,11.199,1.0,1872397.71,0.0,0,528035.44
20260901-083406,scale-8c,dragonfly,single,8,8,1,8,0-3,0-95,48,20,16,mget10,100,1000000,20,1,1,478894.44,59861.81,31.743,44.543,50.175,1.0,4795214.17,0.0,0,1224256.81
20260901-083406,scale-8c,dragonfly,single,8,8,1,8,0-3,0-95,48,20,16,mset10,100,1000000,20,1,1,365360.15,45670.02,41.471,59.903,69.631,,0.0,0.0,0,934015.03
20260901-083406,scale-8c,dragonfly,single,8,8,1,8,0-3,0-95,48,20,16,1:10,100,1000000,20,1,2,3661866.19,457733.27,3.967,9.215,11.903,1.0,3328946.66,0.0,0,509026.04
20260901-083406,scale-8c,dragonfly,single,8,8,1,8,0-3,0-95,48,20,16,1:1,100,1000000,20,1,2,3740689.74,467586.22,3.903,8.831,11.071,1.0,1870338.9,0.0,0,527455.04
20260901-083406,scale-8c,dragonfly,single,8,8,1,8,0-3,0-95,48,20,16,mget10,100,1000000,20,1,2,477684.15,59710.52,31.871,44.799,50.431,1.0,4783109.68,0.0,0,1221162.7
20260901-083406,scale-8c,dragonfly,single,8,8,1,8,0-3,0-95,48,20,16,mset10,100,1000000,20,1,2,364101.0,45512.62,41.471,60.927,71.167,,0.0,0.0,0,930796.23
20260901-083406,scale-8c,dragonfly,single,8,8,1,8,0-3,0-95,48,20,1,1:10,1024,1000000,20,1,1,1050872.72,131359.09,0.911,1.495,1.695,1.0,955317.24,0.0,0,1095353.76
20260901-083406,scale-8c,dragonfly,single,8,8,1,8,0-3,0-95,48,20,1,1:1,1024,1000000,20,1,1,1061157.35,132644.67,0.911,1.471,1.687,1.0,530567.08,0.0,0,1108193.38
20260901-083406,scale-8c,dragonfly,single,8,8,1,8,0-3,0-95,48,20,1,mget10,1024,1000000,20,1,1,278815.51,34851.94,3.263,6.911,8.639,1.0,2788155.13,0.0,0,5749964.96
20260901-083406,scale-8c,dragonfly,single,8,8,1,8,0-3,0-95,48,20,1,mset10,1024,1000000,20,1,1,245853.34,30731.67,3.471,11.199,16.895,,0.0,0.0,0,5070191.71
20260901-083406,scale-8c,dragonfly,single,8,8,1,8,0-3,0-95,48,20,1,1:10,1024,1000000,20,1,2,1055870.23,131983.78,0.903,1.487,1.703,1.0,959859.18,0.0,0,1100562.82
20260901-083406,scale-8c,dragonfly,single,8,8,1,8,0-3,0-95,48,20,1,1:1,1024,1000000,20,1,2,1060363.47,132545.43,0.903,1.487,1.695,1.0,530169.81,0.0,0,1107364.29
20260901-083406,scale-8c,dragonfly,single,8,8,1,8,0-3,0-95,48,20,1,mget10,1024,1000000,20,1,2,278322.51,34790.31,3.263,6.943,8.831,1.0,2783225.1,0.0,0,5739797.74
20260901-083406,scale-8c,dragonfly,single,8,8,1,8,0-3,0-95,48,20,1,mset10,1024,1000000,20,1,2,246517.79,30814.72,3.471,11.071,16.639,,0.0,0.0,0,5083894.5
20260901-083406,scale-8c,dragonfly,single,8,8,1,8,0-3,0-95,48,20,16,1:10,1024,1000000,20,1,1,1844896.94,230612.12,7.999,16.895,20.863,1.0,1677154.59,0.0,0,1922987.12
20260901-083406,scale-8c,dragonfly,single,8,8,1,8,0-3,0-95,48,20,16,1:1,1024,1000000,20,1,1,2093192.3,261649.04,6.879,16.895,21.631,1.0,1046572.8,0.0,0,2185973.44
20260901-083406,scale-8c,dragonfly,single,8,8,1,8,0-3,0-95,48,20,16,mget10,1024,1000000,20,1,1,257243.7,32155.46,57.855,91.647,103.423,1.0,2579631.16,0.0,0,5305093.22
20260901-083406,scale-8c,dragonfly,single,8,8,1,8,0-3,0-95,48,20,16,mset10,1024,1000000,20,1,1,248536.6,31067.08,60.927,91.135,105.983,,0.0,0.0,0,5125528.15
20260901-083406,scale-8c,dragonfly,single,8,8,1,8,0-3,0-95,48,20,16,1:10,1024,1000000,20,1,2,1802007.18,225250.9,8.159,17.407,21.375,1.0,1638163.66,0.0,0,1878281.99
20260901-083406,scale-8c,dragonfly,single,8,8,1,8,0-3,0-95,48,20,16,1:1,1024,1000000,20,1,2,2037050.17,254631.27,7.071,17.535,22.783,1.0,1018501.56,0.0,0,2127342.74
20260901-083406,scale-8c,dragonfly,single,8,8,1,8,0-3,0-95,48,20,16,mget10,1024,1000000,20,1,2,257733.36,32216.67,57.599,91.647,102.911,1.0,2584525.89,0.0,0,5315191.31
20260901-083406,scale-8c,dragonfly,single,8,8,1,8,0-3,0-95,48,20,16,mset10,1024,1000000,20,1,2,248945.28,31118.16,60.927,90.623,104.447,,0.0,0.0,0,5133956.2
20260901-083406,scale-8c,redis,cluster,8,8,1,8,0-3,0-95,48,20,1,1:10,100,1000000,20,1,1,1346851.73,168356.47,0.207,6.271,11.519,1.0,1224389.15,0.0,0,187222.3
20260901-083406,scale-8c,redis,cluster,8,8,1,8,0-3,0-95,48,20,1,1:1,100,1000000,20,1,1,1264055.81,158006.98,0.191,6.399,11.775,1.0,632015.78,0.0,0,178237.99
20260901-083406,scale-8c,redis,cluster,8,8,1,8,0-3,0-95,48,20,1,1:10,100,1000000,20,1,2,1302531.81,162816.48,0.207,7.519,11.391,1.0,1184098.51,0.0,0,181061.49
20260901-083406,scale-8c,redis,cluster,8,8,1,8,0-3,0-95,48,20,1,1:1,100,1000000,20,1,2,1284280.85,160535.11,0.199,7.135,11.583,1.0,642129.65,0.0,0,181089.79
20260901-083406,scale-8c,redis,cluster,8,8,1,8,0-3,0-95,48,20,16,1:10,100,1000000,20,1,1,5086236.26,635779.53,18.047,34.559,43.519,1.0,4623830.78,0.0,0,707023.71
20260901-083406,scale-8c,redis,cluster,8,8,1,8,0-3,0-95,48,20,16,1:1,100,1000000,20,1,1,5123393.62,640424.2,17.407,33.535,47.615,1.0,2561685.26,0.0,0,722422.73
20260901-083406,scale-8c,redis,cluster,8,8,1,8,0-3,0-95,48,20,16,1:10,100,1000000,20,1,2,4969190.83,621148.85,18.815,35.839,38.143,1.0,4517427.64,0.0,0,690753.62
20260901-083406,scale-8c,redis,cluster,8,8,1,8,0-3,0-95,48,20,16,1:1,100,1000000,20,1,2,4898054.83,612256.85,18.815,36.351,72.703,1.0,2449015.14,0.0,0,690649.02
20260901-083406,scale-8c,redis,cluster,8,8,1,8,0-3,0-95,48,20,1,1:10,1024,1000000,20,1,1,1145489.49,143186.19,0.199,6.911,12.991,1.0,1041332.2,0.0,0,1193975.42
20260901-083406,scale-8c,redis,cluster,8,8,1,8,0-3,0-95,48,20,1,1:1,1024,1000000,20,1,1,1150012.54,143751.57,0.239,8.447,12.799,1.0,574993.2,0.0,0,1200987.05
20260901-083406,scale-8c,redis,cluster,8,8,1,8,0-3,0-95,48,20,1,1:10,1024,1000000,20,1,2,1139791.69,142473.96,0.199,6.975,13.119,1.0,1036152.14,0.0,0,1188036.47
20260901-083406,scale-8c,redis,cluster,8,8,1,8,0-3,0-95,48,20,1,1:1,1024,1000000,20,1,2,1126066.8,140758.35,0.207,7.103,13.311,1.0,563019.37,0.0,0,1175979.94
20260901-083406,scale-8c,redis,cluster,8,8,1,8,0-3,0-95,48,20,16,1:10,1024,1000000,20,1,1,3044997.15,380624.64,16.639,57.343,64.511,1.0,2768155.07,0.0,0,3173884.59
20260901-083406,scale-8c,redis,cluster,8,8,1,8,0-3,0-95,48,20,16,1:1,1024,1000000,20,1,1,3188758.32,398594.79,18.559,49.919,66.047,1.0,1594346.26,0.0,0,3330100.45
20260901-083406,scale-8c,redis,cluster,8,8,1,8,0-3,0-95,48,20,16,1:10,1024,1000000,20,1,2,3052464.56,381558.07,16.639,56.575,214.015,1.0,2774939.55,0.0,0,3181668.1
20260901-083406,scale-8c,redis,cluster,8,8,1,8,0-3,0-95,48,20,16,1:1,1024,1000000,20,1,2,3217524.82,402190.6,18.559,51.199,64.511,1.0,1608736.34,0.0,0,3360141.94
20260901-083406,scale-8c,valkey,cluster,8,8,1,8,0-3,0-95,48,20,1,1:10,100,1000000,20,1,1,1327820.94,165977.62,0.199,6.175,11.647,1.0,1207088.76,0.0,0,184576.87
20260901-083406,scale-8c,valkey,cluster,8,8,1,8,0-3,0-95,48,20,1,1:1,100,1000000,20,1,1,1244934.45,155616.81,0.183,6.367,11.967,1.0,622456.67,0.0,0,175541.78
20260901-083406,scale-8c,valkey,cluster,8,8,1,8,0-3,0-95,48,20,1,1:10,100,1000000,20,1,2,1263117.25,157889.66,0.191,6.303,11.775,1.0,1148266.8,0.0,0,175582.6
20260901-083406,scale-8c,valkey,cluster,8,8,1,8,0-3,0-95,48,20,1,1:1,100,1000000,20,1,2,1247639.95,155954.99,0.191,6.367,11.903,1.0,623809.77,0.0,0,175923.28
20260901-083406,scale-8c,valkey,cluster,8,8,1,8,0-3,0-95,48,20,16,1:10,100,1000000,20,1,1,4754127.01,594265.88,19.455,38.399,39.423,1.0,4321909.68,0.0,0,660858.05
20260901-083406,scale-8c,valkey,cluster,8,8,1,8,0-3,0-95,48,20,16,1:1,100,1000000,20,1,1,4824516.05,603064.51,19.327,37.119,38.143,1.0,2412243.72,0.0,0,680279.8
20260901-083406,scale-8c,valkey,cluster,8,8,1,8,0-3,0-95,48,20,16,1:10,100,1000000,20,1,2,5101346.8,637668.35,17.279,34.047,48.383,1.0,4637565.92,0.0,0,709124.3
20260901-083406,scale-8c,valkey,cluster,8,8,1,8,0-3,0-95,48,20,16,1:1,100,1000000,20,1,2,4930409.93,616301.24,18.047,35.583,40.959,1.0,2465193.99,0.0,0,695211.31
20260901-083406,scale-8c,valkey,cluster,8,8,1,8,0-3,0-95,48,20,1,1:10,1024,1000000,20,1,1,1151740.35,143967.54,0.247,8.703,12.607,1.0,1047014.82,0.0,0,1200490.87
20260901-083406,scale-8c,valkey,cluster,8,8,1,8,0-3,0-95,48,20,1,1:1,1024,1000000,20,1,1,1147599.36,143449.92,0.223,7.359,12.863,1.0,573787.9,0.0,0,1198466.9
20260901-083406,scale-8c,valkey,cluster,8,8,1,8,0-3,0-95,48,20,1,1:10,1024,1000000,20,1,2,1144337.16,143042.14,0.223,8.031,12.863,1.0,1040284.45,0.0,0,1192774.35
20260901-083406,scale-8c,valkey,cluster,8,8,1,8,0-3,0-95,48,20,1,1:1,1024,1000000,20,1,2,1135035.71,141879.46,0.207,7.007,13.119,1.0,567503.83,0.0,0,1185346.39
20260901-083406,scale-8c,valkey,cluster,8,8,1,8,0-3,0-95,48,20,16,1:10,1024,1000000,20,1,1,3030318.55,378789.82,17.151,57.343,64.767,1.0,2754809.25,0.0,0,3158584.68
20260901-083406,scale-8c,valkey,cluster,8,8,1,8,0-3,0-95,48,20,16,1:1,1024,1000000,20,1,1,3127493.56,390936.7,19.327,50.687,63.743,1.0,1563728.08,0.0,0,3266120.05
20260901-083406,scale-8c,valkey,cluster,8,8,1,8,0-3,0-95,48,20,16,1:10,1024,1000000,20,1,2,3009027.7,376128.46,16.895,55.551,63.231,1.0,2735462.38,0.0,0,3136392.57
20260901-083406,scale-8c,valkey,cluster,8,8,1,8,0-3,0-95,48,20,16,1:1,1024,1000000,20,1,2,3103379.55,387922.44,19.071,51.967,68.095,1.0,1551659.8,0.0,0,3240937.22
20260901-083406,scale-16c,dragonfly,single,16,16,1,16,0-3,0-95,48,20,1,1:10,100,1000000,20,1,1,2357466.09,147341.63,0.383,0.823,1.711,1.0,2143129.65,0.0,0,327705.05
20260901-083406,scale-16c,dragonfly,single,16,16,1,16,0-3,0-95,48,20,1,1:1,100,1000000,20,1,1,2293324.24,143332.77,0.391,0.823,1.511,1.0,1146650.65,0.0,0,323369.78
20260901-083406,scale-16c,dragonfly,single,16,16,1,16,0-3,0-95,48,20,1,mget10,100,1000000,20,1,1,826933.44,51683.34,1.095,2.159,2.799,1.0,8269334.36,0.0,0,2113991.81
20260901-083406,scale-16c,dragonfly,single,16,16,1,16,0-3,0-95,48,20,1,mset10,100,1000000,20,1,1,668023.67,41751.48,1.343,3.247,4.895,,0.0,0.0,0,1707751.28
20260901-083406,scale-16c,dragonfly,single,16,16,1,16,0-3,0-95,48,20,1,1:10,100,1000000,20,1,2,2304994.39,144062.15,0.399,0.783,1.519,1.0,2095426.97,0.0,0,320411.11
20260901-083406,scale-16c,dragonfly,single,16,16,1,16,0-3,0-95,48,20,1,1:1,100,1000000,20,1,2,2295552.55,143472.03,0.399,0.791,1.359,1.0,1147763.83,0.0,0,323683.98
20260901-083406,scale-16c,dragonfly,single,16,16,1,16,0-3,0-95,48,20,1,mget10,100,1000000,20,1,2,826647.14,51665.45,1.095,2.175,2.831,1.0,8266471.42,0.0,0,2113259.89
20260901-083406,scale-16c,dragonfly,single,16,16,1,16,0-3,0-95,48,20,1,mset10,100,1000000,20,1,2,668839.45,41802.47,1.335,3.311,4.991,,0.0,0.0,0,1709836.7
20260901-083406,scale-16c,dragonfly,single,16,16,1,16,0-3,0-95,48,20,16,1:10,100,1000000,20,1,1,6474378.05,404648.63,2.255,4.831,6.111,1.0,5885776.28,0.0,0,899985.52
20260901-083406,scale-16c,dragonfly,single,16,16,1,16,0-3,0-95,48,20,16,1:1,100,1000000,20,1,1,6590319.17,411894.95,2.239,4.607,5.727,1.0,3295153.53,0.0,0,929266.27
20260901-083406,scale-16c,dragonfly,single,16,16,1,16,0-3,0-95,48,20,16,mget10,100,1000000,20,1,1,901446.73,56340.42,16.767,24.191,27.007,1.0,9020721.29,0.0,0,2304479.37
20260901-083406,scale-16c,dragonfly,single,16,16,1,16,0-3,0-95,48,20,16,mset10,100,1000000,20,1,1,702602.36,43912.65,21.631,29.439,36.095,,0.0,0.0,0,1796148.9
20260901-083406,scale-16c,dragonfly,single,16,16,1,16,0-3,0-95,48,20,16,1:10,100,1000000,20,1,2,6467949.29,404246.83,2.255,4.863,6.239,1.0,5879932.47,0.0,0,899091.85
20260901-083406,scale-16c,dragonfly,single,16,16,1,16,0-3,0-95,48,20,16,1:1,100,1000000,20,1,2,6594873.4,412179.59,2.239,4.607,5.727,1.0,3297430.72,0.0,0,929908.45
20260901-083406,scale-16c,dragonfly,single,16,16,1,16,0-3,0-95,48,20,16,mget10,100,1000000,20,1,2,898294.05,56143.38,16.895,24.447,29.183,1.0,8989218.45,0.0,0,2296419.63
20260901-083406,scale-16c,dragonfly,single,16,16,1,16,0-3,0-95,48,20,16,mset10,100,1000000,20,1,2,702679.1,43917.44,21.631,29.439,35.839,,0.0,0.0,0,1796345.06
20260901-083406,scale-16c,dragonfly,single,16,16,1,16,0-3,0-95,48,20,1,1:10,1024,1000000,20,1,1,2014964.78,125935.3,0.447,0.943,1.231,1.0,1831765.06,0.0,0,2100253.55
20260901-083406,scale-16c,dragonfly,single,16,16,1,16,0-3,0-95,48,20,1,1:1,1024,1000000,20,1,1,2043458.46,127716.15,0.439,0.935,1.559,1.0,1021717.41,0.0,0,2134035.13
20260901-083406,scale-16c,dragonfly,single,16,16,1,16,0-3,0-95,48,20,1,mget10,1024,1000000,20,1,1,436807.26,27300.45,2.207,3.023,3.359,1.0,4368072.64,0.0,0,9008201.61
20260901-083406,scale-16c,dragonfly,single,16,16,1,16,0-3,0-95,48,20,1,mset10,1024,1000000,20,1,1,439040.56,27440.03,1.799,3.103,32.127,,0.0,0.0,0,9054258.48
20260901-083406,scale-16c,dragonfly,single,16,16,1,16,0-3,0-95,48,20,1,1:10,1024,1000000,20,1,2,2025150.21,126571.89,0.447,0.951,1.463,1.0,1841023.46,0.0,0,2110870.02
20260901-083406,scale-16c,dragonfly,single,16,16,1,16,0-3,0-95,48,20,1,1:1,1024,1000000,20,1,2,2033635.18,127102.2,0.439,0.943,1.311,1.0,1016805.37,0.0,0,2123776.4
20260901-083406,scale-16c,dragonfly,single,16,16,1,16,0-3,0-95,48,20,1,mget10,1024,1000000,20,1,2,436546.55,27284.16,2.191,2.927,3.279,1.0,4365465.47,0.0,0,9002824.76
20260901-083406,scale-16c,dragonfly,single,16,16,1,16,0-3,0-95,48,20,1,mset10,1024,1000000,20,1,2,439604.95,27475.31,1.887,2.895,31.999,,0.0,0.0,0,9065897.8
20260901-083406,scale-16c,dragonfly,single,16,16,1,16,0-3,0-95,48,20,16,1:10,1024,1000000,20,1,1,3412436.72,213277.3,4.223,9.727,12.415,1.0,3102191.56,0.0,0,3556876.88
20260901-083406,scale-16c,dragonfly,single,16,16,1,16,0-3,0-95,48,20,16,1:1,1024,1000000,20,1,1,3938589.98,246161.87,3.599,9.023,11.775,1.0,1969272.39,0.0,0,4113168.38
20260901-083406,scale-16c,dragonfly,single,16,16,1,16,0-3,0-95,48,20,16,mget10,1024,1000000,20,1,1,439046.34,27440.4,26.751,158.719,393.215,1.0,4397662.02,0.0,0,9054377.64
20260901-083406,scale-16c,dragonfly,single,16,16,1,16,0-3,0-95,48,20,16,mset10,1024,1000000,20,1,1,430563.74,26910.23,13.311,671.743,3309.567,,0.0,0.0,0,8879442.37
20260901-083406,scale-16c,dragonfly,single,16,16,1,16,0-3,0-95,48,20,16,1:10,1024,1000000,20,1,2,3421040.16,213815.01,4.191,9.727,12.543,1.0,3110011.86,0.0,0,3565844.52
20260901-083406,scale-16c,dragonfly,single,16,16,1,16,0-3,0-95,48,20,16,1:1,1024,1000000,20,1,2,3951173.79,246948.36,3.583,9.151,11.839,1.0,1975563.85,0.0,0,4126309.93
20260901-083406,scale-16c,dragonfly,single,16,16,1,16,0-3,0-95,48,20,16,mget10,1024,1000000,20,1,2,439064.46,27441.53,26.367,159.743,397.311,1.0,4397843.27,0.0,0,9054751.84
20260901-083406,scale-16c,dragonfly,single,16,16,1,16,0-3,0-95,48,20,16,mset10,1024,1000000,20,1,2,440617.57,27538.6,12.671,671.743,3309.567,,0.0,0.0,0,9086781.19
20260901-083406,scale-16c,redis,cluster,16,16,1,16,0-3,0-95,48,20,1,1:10,100,1000000,20,1,1,1571369.72,98210.61,3.135,6.527,220.159,1.0,1428493.41,0.0,0,218431.93
20260901-083406,scale-16c,redis,cluster,16,16,1,16,0-3,0-95,48,20,1,1:1,100,1000000,20,1,1,1455926.75,90995.42,3.263,6.911,222.207,1.0,727949.05,0.0,0,205292.76
20260901-083406,scale-16c,redis,cluster,16,16,1,16,0-3,0-95,48,20,1,1:10,100,1000000,20,1,2,1463849.68,91490.6,3.503,6.783,221.183,1.0,1330750.43,0.0,0,203485.88
20260901-083406,scale-16c,redis,cluster,16,16,1,16,0-3,0-95,48,20,1,1:1,100,1000000,20,1,2,1530206.07,95637.88,3.279,6.559,219.135,1.0,765090.86,0.0,0,215766.44
20260901-083406,scale-16c,redis,cluster,16,16,1,16,0-3,0-95,48,20,16,1:10,100,1000000,20,1,1,5012027.57,313251.72,37.119,58.879,93.695,1.0,4556368.46,0.0,0,696708.14
20260901-083406,scale-16c,redis,cluster,16,16,1,16,0-3,0-95,48,20,16,1:1,100,1000000,20,1,1,4939484.28,308717.77,37.887,58.623,67.071,1.0,2469738.94,0.0,0,696490.68
20260901-083406,scale-16c,redis,cluster,16,16,1,16,0-3,0-95,48,20,16,1:10,100,1000000,20,1,2,4934528.17,308408.01,37.887,59.135,61.439,1.0,4485911.02,0.0,0,685935.13
20260901-083406,scale-16c,redis,cluster,16,16,1,16,0-3,0-95,48,20,16,1:1,100,1000000,20,1,2,4724903.07,295306.44,39.679,62.207,65.279,1.0,2362441.84,0.0,0,666233.84
20260901-083406,scale-16c,redis,cluster,16,16,1,16,0-3,0-95,48,20,1,1:10,1024,1000000,20,1,1,1428628.49,89289.28,3.823,7.519,220.159,1.0,1298729.83,0.0,0,1489099.01
20260901-083406,scale-16c,redis,cluster,16,16,1,16,0-3,0-95,48,20,1,1:1,1024,1000000,20,1,1,1470012.45,91875.78,3.583,7.167,222.207,1.0,734992.03,0.0,0,1535170.95
20260901-083406,scale-16c,redis,cluster,16,16,1,16,0-3,0-95,48,20,1,1:10,1024,1000000,20,1,2,1426192.08,89137.01,3.759,7.327,220.159,1.0,1296516.05,0.0,0,1486559.49
20260901-083406,scale-16c,redis,cluster,16,16,1,16,0-3,0-95,48,20,1,1:1,1024,1000000,20,1,2,1452364.53,90772.78,3.583,7.327,222.207,1.0,726170.29,0.0,0,1516740.79
20260901-083406,scale-16c,redis,cluster,16,16,1,16,0-3,0-95,48,20,16,1:10,1024,1000000,20,1,1,3888583.8,243036.49,46.335,82.943,86.527,1.0,3535002.23,0.0,0,4053178.35
20260901-083406,scale-16c,redis,cluster,16,16,1,16,0-3,0-95,48,20,16,1:1,1024,1000000,20,1,1,4148525.45,259282.84,41.983,81.919,97.791,1.0,2074082.69,0.0,0,4332409.87
20260901-083406,scale-16c,redis,cluster,16,16,1,16,0-3,0-95,48,20,16,1:10,1024,1000000,20,1,2,3712167.75,232010.48,48.127,89.599,94.207,1.0,3374615.44,0.0,0,3869295.01
20260901-083406,scale-16c,redis,cluster,16,16,1,16,0-3,0-95,48,20,16,1:1,1024,1000000,20,1,2,4201397.73,262587.36,41.215,81.919,95.231,1.0,2100513.92,0.0,0,4387625.77
20260901-083406,scale-16c,valkey,cluster,16,16,1,16,0-3,0-95,48,20,1,1:10,100,1000000,20,1,1,1515751.96,94734.5,3.183,6.879,222.207,1.0,1377933.37,0.0,0,210700.69
20260901-083406,scale-16c,valkey,cluster,16,16,1,16,0-3,0-95,48,20,1,1:1,100,1000000,20,1,1,1519177.2,94948.57,3.343,6.591,221.183,1.0,759576.66,0.0,0,214211.32
20260901-083406,scale-16c,valkey,cluster,16,16,1,16,0-3,0-95,48,20,1,1:10,100,1000000,20,1,2,1465324.53,91582.78,3.471,6.911,222.207,1.0,1332091.42,0.0,0,203690.89
20260901-083406,scale-16c,valkey,cluster,16,16,1,16,0-3,0-95,48,20,1,1:1,100,1000000,20,1,2,1491827.89,93239.24,3.231,6.655,223.231,1.0,745900.87,0.0,0,210354.95
20260901-083406,scale-16c,valkey,cluster,16,16,1,16,0-3,0-95,48,20,16,1:10,100,1000000,20,1,1,4875568.36,304723.02,38.143,61.183,70.143,1.0,4432311.72,0.0,0,677739.41
20260901-083406,scale-16c,valkey,cluster,16,16,1,16,0-3,0-95,48,20,16,1:1,100,1000000,20,1,1,4755129.18,297195.57,39.423,62.207,72.191,1.0,2377555.19,0.0,0,670495.85
20260901-083406,scale-16c,valkey,cluster,16,16,1,16,0-3,0-95,48,20,16,1:10,100,1000000,20,1,2,4834391.14,302149.45,38.399,61.439,62.975,1.0,4394874.84,0.0,0,672015.41
20260901-083406,scale-16c,valkey,cluster,16,16,1,16,0-3,0-95,48,20,16,1:1,100,1000000,20,1,2,4955606.01,309725.38,37.887,59.391,61.951,1.0,2477799.28,0.0,0,698763.97
20260901-083406,scale-16c,valkey,cluster,16,16,1,16,0-3,0-95,48,20,1,1:10,1024,1000000,20,1,1,1470924.82,91932.8,3.519,7.039,219.135,1.0,1337183.73,0.0,0,1533185.61
20260901-083406,scale-16c,valkey,cluster,16,16,1,16,0-3,0-95,48,20,1,1:1,1024,1000000,20,1,1,1353563.46,84597.72,3.791,7.743,224.255,1.0,676769.79,0.0,0,1413560.36
20260901-083406,scale-16c,valkey,cluster,16,16,1,16,0-3,0-95,48,20,1,1:10,1024,1000000,20,1,2,1509037.95,94314.87,3.503,6.943,219.135,1.0,1371830.77,0.0,0,1572912.01
20260901-083406,scale-16c,valkey,cluster,16,16,1,16,0-3,0-95,48,20,1,1:1,1024,1000000,20,1,2,1434820.05,89676.25,3.647,7.167,224.255,1.0,717398.68,0.0,0,1498418.65
20260901-083406,scale-16c,valkey,cluster,16,16,1,16,0-3,0-95,48,20,16,1:10,1024,1000000,20,1,1,3961857.48,247616.09,45.311,80.383,98.303,1.0,3601608.66,0.0,0,4129553.49
20260901-083406,scale-16c,valkey,cluster,16,16,1,16,0-3,0-95,48,20,16,1:1,1024,1000000,20,1,1,4118095.33,257380.96,41.983,83.967,98.815,1.0,2058862.48,0.0,0,4300631.04
20260901-083406,scale-16c,valkey,cluster,16,16,1,16,0-3,0-95,48,20,16,1:10,1024,1000000,20,1,2,3915276.09,244704.76,45.823,82.431,91.647,1.0,3559266.53,0.0,0,4081000.41
20260901-083406,scale-16c,valkey,cluster,16,16,1,16,0-3,0-95,48,20,16,1:1,1024,1000000,20,1,2,4148594.5,259287.16,41.727,81.919,98.303,1.0,2074120.9,0.0,0,4332482.0
20260901-083406,scale-24c,dragonfly,single,24,24,1,24,0-3,0-95,48,20,1,1:10,100,1000000,20,1,1,2789306.59,116221.11,0.335,0.583,0.775,1.0,2535712.47,0.0,0,387733.96
20260901-083406,scale-24c,dragonfly,single,24,24,1,24,0-3,0-95,48,20,1,1:1,100,1000000,20,1,1,2728733.58,113697.23,0.335,0.599,0.727,1.0,1364354.37,0.0,0,384764.57
20260901-083406,scale-24c,dragonfly,single,24,24,1,24,0-3,0-95,48,20,1,mget10,100,1000000,20,1,1,1159645.25,48318.55,0.759,1.583,1.919,1.0,11596452.51,0.0,0,2964543.98
20260901-083406,scale-24c,dragonfly,single,24,24,1,24,0-3,0-95,48,20,1,mset10,100,1000000,20,1,1,987244.5,41135.19,0.911,2.159,3.439,,0.0,0.0,0,2523814.48
20260901-083406,scale-24c,dragonfly,single,24,24,1,24,0-3,0-95,48,20,1,1:10,100,1000000,20,1,2,2749380.6,114557.53,0.335,0.615,0.743,1.0,2499414.64,0.0,0,382184.01
20260901-083406,scale-24c,dragonfly,single,24,24,1,24,0-3,0-95,48,20,1,1:1,100,1000000,20,1,2,2685621.56,111900.9,0.343,0.655,0.815,1.0,1342798.78,0.0,0,378685.5
20260901-083406,scale-24c,dragonfly,single,24,24,1,24,0-3,0-95,48,20,1,mget10,100,1000000,20,1,2,1155618.1,48150.75,0.767,1.583,1.895,1.0,11556181.01,0.0,0,2954248.77
20260901-083406,scale-24c,dragonfly,single,24,24,1,24,0-3,0-95,48,20,1,mset10,100,1000000,20,1,2,986603.44,41108.48,0.903,2.159,3.455,,0.0,0.0,0,2522176.0
20260901-083406,scale-24c,dragonfly,single,24,24,1,24,0-3,0-95,48,20,16,1:10,100,1000000,20,1,1,9054062.53,377252.61,1.591,3.519,4.511,1.0,8230943.74,0.0,0,1258580.43
20260901-083406,scale-24c,dragonfly,single,24,24,1,24,0-3,0-95,48,20,16,1:1,100,1000000,20,1,1,9191268.05,382969.5,1.583,3.327,4.127,1.0,4595628.07,0.0,0,1296012.59
20260901-083406,scale-24c,dragonfly,single,24,24,1,24,0-3,0-95,48,20,16,mget10,100,1000000,20,1,1,1330783.25,55449.3,11.007,17.663,19.583,1.0,13314089.05,0.0,0,3402045.34
20260901-083406,scale-24c,dragonfly,single,24,24,1,24,0-3,0-95,48,20,16,mset10,100,1000000,20,1,1,1052212.71,43842.2,14.399,19.967,23.807,,0.0,0.0,0,2689901.08
20260901-083406,scale-24c,dragonfly,single,24,24,1,24,0-3,0-95,48,20,16,1:10,100,1000000,20,1,2,9040835.09,376701.46,1.599,3.487,4.479,1.0,8218918.6,0.0,0,1256741.54
20260901-083406,scale-24c,dragonfly,single,24,24,1,24,0-3,0-95,48,20,16,1:1,100,1000000,20,1,2,9182818.24,382617.43,1.591,3.311,4.127,1.0,4591403.1,0.0,0,1294821.07
20260901-083406,scale-24c,dragonfly,single,24,24,1,24,0-3,0-95,48,20,16,mget10,100,1000000,20,1,2,1323996.62,55166.53,11.071,17.919,20.607,1.0,13246215.5,0.0,0,3384696.14
20260901-083406,scale-24c,dragonfly,single,24,24,1,24,0-3,0-95,48,20,16,mset10,100,1000000,20,1,2,1052474.03,43853.08,14.399,19.967,23.935,,0.0,0.0,0,2690569.16
20260901-083406,scale-24c,dragonfly,single,24,24,1,24,0-3,0-95,48,20,1,1:10,1024,1000000,20,1,1,2707513.52,112813.06,0.335,0.695,0.847,1.0,2461354.89,0.0,0,2822116.11
20260901-083406,scale-24c,dragonfly,single,24,24,1,24,0-3,0-95,48,20,1,1:1,1024,1000000,20,1,1,2676103.46,111504.31,0.335,0.703,0.847,1.0,1338039.83,0.0,0,2794722.07
20260901-083406,scale-24c,dragonfly,single,24,24,1,24,0-3,0-95,48,20,1,mget10,1024,1000000,20,1,1,436734.43,18197.27,2.191,2.975,3.311,1.0,4367344.33,0.0,0,9006699.59
20260901-083406,scale-24c,dragonfly,single,24,24,1,24,0-3,0-95,48,20,1,mset10,1024,1000000,20,1,1,438631.44,18276.31,1.703,2.463,33.535,,0.0,0.0,0,9045821.36
20260901-083406,scale-24c,dragonfly,single,24,24,1,24,0-3,0-95,48,20,1,1:10,1024,1000000,20,1,2,2740585.46,114191.06,0.319,0.759,0.927,1.0,2491419.79,0.0,0,2856587.91
20260901-083406,scale-24c,dragonfly,single,24,24,1,24,0-3,0-95,48,20,1,1:1,1024,1000000,20,1,2,2703017.11,112625.71,0.335,0.695,0.847,1.0,1351496.43,0.0,0,2822828.66
20260901-083406,scale-24c,dragonfly,single,24,24,1,24,0-3,0-95,48,20,1,mget10,1024,1000000,20,1,2,436931.11,18205.46,2.191,2.943,3.311,1.0,4369311.09,0.0,0,9010755.7
20260901-083406,scale-24c,dragonfly,single,24,24,1,24,0-3,0-95,48,20,1,mset10,1024,1000000,20,1,2,439558.77,18314.95,1.671,2.687,33.535,,0.0,0.0,0,9064945.5
20260901-083406,scale-24c,dragonfly,single,24,24,1,24,0-3,0-95,48,20,16,1:10,1024,1000000,20,1,1,4779830.0,199159.58,2.943,8.383,11.455,1.0,4345276.34,0.0,0,4982148.63
20260901-083406,scale-24c,dragonfly,single,24,24,1,24,0-3,0-95,48,20,16,1:1,1024,1000000,20,1,1,5747064.49,239461.02,2.383,6.879,9.279,1.0,2873508.85,0.0,0,6001803.64
20260901-083406,scale-24c,dragonfly,single,24,24,1,24,0-3,0-95,48,20,16,mget10,1024,1000000,20,1,1,439258.75,18302.45,25.727,180.223,468.991,1.0,4399785.87,0.0,0,9058758.32
20260901-083406,scale-24c,dragonfly,single,24,24,1,24,0-3,0-95,48,20,16,mset10,1024,1000000,20,1,1,424410.66,17683.78,12.351,671.743,3325.951,,0.0,0.0,0,8752548.82
20260901-083406,scale-24c,dragonfly,single,24,24,1,24,0-3,0-95,48,20,16,1:10,1024,1000000,20,1,2,4777655.03,199068.96,2.895,8.895,12.671,1.0,4343298.55,0.0,0,4979881.68
20260901-083406,scale-24c,dragonfly,single,24,24,1,24,0-3,0-95,48,20,16,1:1,1024,1000000,20,1,2,5719942.5,238330.94,2.415,6.559,8.639,1.0,2859948.25,0.0,0,5973479.49
20260901-083406,scale-24c,dragonfly,single,24,24,1,24,0-3,0-95,48,20,16,mget10,1024,1000000,20,1,2,439416.15,18309.01,25.727,180.223,440.319,1.0,4401360.01,0.0,0,9062004.23
20260901-083406,scale-24c,dragonfly,single,24,24,1,24,0-3,0-95,48,20,16,mset10,1024,1000000,20,1,2,439085.13,18295.21,12.287,671.743,3325.951,,0.0,0.0,0,9055177.82
20260901-083406,scale-24c,redis,cluster,24,24,1,24,0-3,0-95,48,20,1,1:10,100,1000000,20,1,1,1468310.96,61179.62,2.911,8.319,235.519,1.0,1334805.01,0.0,0,204106.04
20260901-083406,scale-24c,redis,cluster,24,24,1,24,0-3,0-95,48,20,1,1:1,100,1000000,20,1,1,1524739.04,63530.79,3.055,8.255,231.423,1.0,762357.2,0.0,0,214995.57
20260901-083406,scale-24c,redis,cluster,24,24,1,24,0-3,0-95,48,20,1,1:10,100,1000000,20,1,2,1455485.11,60645.21,2.911,7.391,235.519,1.0,1323145.98,0.0,0,202323.14
20260901-083406,scale-24c,redis,cluster,24,24,1,24,0-3,0-95,48,20,1,1:1,100,1000000,20,1,2,1470450.75,61268.78,2.799,8.127,234.495,1.0,735215.88,0.0,0,207340.64
20260901-083406,scale-24c,redis,cluster,24,24,1,24,0-3,0-95,48,20,16,1:10,100,1000000,20,1,1,4816916.5,200704.85,58.367,83.455,86.527,1.0,4378993.31,0.0,0,669586.3
20260901-083406,scale-24c,redis,cluster,24,24,1,24,0-3,0-95,48,20,16,1:1,100,1000000,20,1,1,4910801.73,204616.74,57.343,81.919,90.111,1.0,2455398.79,0.0,0,692446.27
20260901-083406,scale-24c,redis,cluster,24,24,1,24,0-3,0-95,48,20,16,1:10,100,1000000,20,1,2,4809026.86,200376.12,58.367,84.991,102.911,1.0,4371819.17,0.0,0,668489.63
20260901-083406,scale-24c,redis,cluster,24,24,1,24,0-3,0-95,48,20,16,1:1,100,1000000,20,1,2,4807608.38,200317.02,58.623,85.503,88.575,1.0,2403794.32,0.0,0,677895.65
20260901-083406,scale-24c,redis,cluster,24,24,1,24,0-3,0-95,48,20,1,1:10,1024,1000000,20,1,1,1433803.81,59741.83,3.215,8.767,235.519,1.0,1303434.9,0.0,0,1494493.36
20260901-083406,scale-24c,redis,cluster,24,24,1,24,0-3,0-95,48,20,1,1:1,1024,1000000,20,1,1,1427603.18,59483.47,3.519,11.199,234.495,1.0,713792.37,0.0,0,1490881.89
20260901-083406,scale-24c,redis,cluster,24,24,1,24,0-3,0-95,48,20,1,1:10,1024,1000000,20,1,2,1458956.62,60789.86,3.487,9.471,231.423,1.0,1326304.19,0.0,0,1520710.87
20260901-083406,scale-24c,redis,cluster,24,24,1,24,0-3,0-95,48,20,1,1:1,1024,1000000,20,1,2,1359679.79,56653.32,3.295,9.535,235.519,1.0,679826.58,0.0,0,1419947.8
20260901-083406,scale-24c,redis,cluster,24,24,1,24,0-3,0-95,48,20,16,1:10,1024,1000000,20,1,1,3687554.33,153648.1,72.703,134.143,137.215,1.0,3352219.06,0.0,0,3843639.97
20260901-083406,scale-24c,redis,cluster,24,24,1,24,0-3,0-95,48,20,16,1:1,1024,1000000,20,1,1,4136774.19,172365.59,62.975,122.879,149.503,1.0,2068116.0,0.0,0,4320138.31
20260901-083406,scale-24c,redis,cluster,24,24,1,24,0-3,0-95,48,20,16,1:10,1024,1000000,20,1,2,3700236.88,154176.54,72.703,128.511,131.071,1.0,3363744.19,0.0,0,3856859.26
20260901-083406,scale-24c,redis,cluster,24,24,1,24,0-3,0-95,48,20,16,1:1,1024,1000000,20,1,2,4075008.64,169792.03,63.487,124.927,148.479,1.0,2037234.57,0.0,0,4255634.95
20260901-083406,scale-24c,valkey,cluster,24,24,1,24,0-3,0-95,48,20,1,1:10,100,1000000,20,1,1,1559385.64,64974.4,2.751,8.095,233.471,1.0,1417602.9,0.0,0,216766.06
20260901-083406,scale-24c,valkey,cluster,24,24,1,24,0-3,0-95,48,20,1,1:1,100,1000000,20,1,1,1491557.27,62148.22,2.959,8.383,233.471,1.0,745769.1,0.0,0,210316.77
20260901-083406,scale-24c,valkey,cluster,24,24,1,24,0-3,0-95,48,20,1,1:10,100,1000000,20,1,2,1401825.09,58409.38,2.975,7.935,234.495,1.0,1274363.35,0.0,0,194863.98
20260901-083406,scale-24c,valkey,cluster,24,24,1,24,0-3,0-95,48,20,1,1:1,100,1000000,20,1,2,1418037.67,59084.9,2.767,8.447,234.495,1.0,709001.42,0.0,0,199950.19
20260901-083406,scale-24c,valkey,cluster,24,24,1,24,0-3,0-95,48,20,16,1:10,100,1000000,20,1,1,4711384.13,196307.67,59.647,85.503,87.551,1.0,4283055.01,0.0,0,654916.52
20260901-083406,scale-24c,valkey,cluster,24,24,1,24,0-3,0-95,48,20,16,1:1,100,1000000,20,1,1,4622133.43,192588.89,60.927,87.039,91.647,1.0,2311056.54,0.0,0,651742.77
20260901-083406,scale-24c,valkey,cluster,24,24,1,24,0-3,0-95,48,20,16,1:10,100,1000000,20,1,2,4871736.71,202989.03,57.599,81.919,84.479,1.0,4428833.44,0.0,0,677206.78
20260901-083406,scale-24c,valkey,cluster,24,24,1,24,0-3,0-95,48,20,16,1:1,100,1000000,20,1,2,4841176.08,201715.67,58.367,84.991,89.087,1.0,2420573.59,0.0,0,682628.81
20260901-083406,scale-24c,valkey,cluster,24,24,1,24,0-3,0-95,48,20,1,1:10,1024,1000000,20,1,1,1430706.9,59612.79,3.679,10.751,234.495,1.0,1300621.94,0.0,0,1491265.43
20260901-083406,scale-24c,valkey,cluster,24,24,1,24,0-3,0-95,48,20,1,1:1,1024,1000000,20,1,1,1402541.97,58439.25,3.183,9.343,236.543,1.0,701259.51,0.0,0,1464709.84
20260901-083406,scale-24c,valkey,cluster,24,24,1,24,0-3,0-95,48,20,1,1:10,1024,1000000,20,1,2,1431411.74,59642.16,3.551,9.727,232.447,1.0,1301263.23,0.0,0,1492000.04
20260901-083406,scale-24c,valkey,cluster,24,24,1,24,0-3,0-95,48,20,1,1:1,1024,1000000,20,1,2,1317751.11,54906.3,3.455,10.751,237.567,1.0,658862.2,0.0,0,1376160.65
20260901-083406,scale-24c,valkey,cluster,24,24,1,24,0-3,0-95,48,20,16,1:10,1024,1000000,20,1,1,3839726.57,159988.61,70.143,121.855,125.951,1.0,3490547.17,0.0,0,4002253.28
20260901-083406,scale-24c,valkey,cluster,24,24,1,24,0-3,0-95,48,20,16,1:1,1024,1000000,20,1,1,4133166.62,172215.28,62.719,122.367,146.431,1.0,2066305.05,0.0,0,4316370.8
20260901-083406,scale-24c,valkey,cluster,24,24,1,24,0-3,0-95,48,20,16,1:10,1024,1000000,20,1,2,3838243.55,159926.81,70.143,122.367,124.927,1.0,3489205.27,0.0,0,4000707.47
20260901-083406,scale-24c,valkey,cluster,24,24,1,24,0-3,0-95,48,20,16,1:1,1024,1000000,20,1,2,4072026.97,169667.79,63.487,124.415,148.479,1.0,2035729.88,0.0,0,4252521.14
20260901-083406,scale-48c,dragonfly,single,48,48,1,48,0-3,0-95,48,20,1,1:10,100,1000000,20,1,1,2786322.96,58048.39,0.343,0.543,0.719,1.0,2532999.31,0.0,0,387319.24
20260901-083406,scale-48c,dragonfly,single,48,48,1,48,0-3,0-95,48,20,1,1:1,100,1000000,20,1,1,2720057.18,56667.86,0.351,0.559,0.695,1.0,1360016.64,0.0,0,383541.1
20260901-083406,scale-48c,dragonfly,single,48,48,1,48,0-3,0-95,48,20,1,mget10,100,1000000,20,1,1,1843187.61,38399.74,0.471,1.399,2.063,1.0,18431876.1,0.0,0,4711967.7
20260901-083406,scale-48c,dragonfly,single,48,48,1,48,0-3,0-95,48,20,1,mset10,100,1000000,20,1,1,1073939.47,22373.74,0.583,9.023,19.839,,0.0,0.0,0,2745443.65
20260901-083406,scale-48c,dragonfly,single,48,48,1,48,0-3,0-95,48,20,1,1:10,100,1000000,20,1,2,2750861.54,57309.62,0.343,0.551,0.695,1.0,2500760.77,0.0,0,382389.79
20260901-083406,scale-48c,dragonfly,single,48,48,1,48,0-3,0-95,48,20,1,1:1,100,1000000,20,1,2,2779849.34,57913.53,0.343,0.551,0.679,1.0,1389911.95,0.0,0,391972.12
20260901-083406,scale-48c,dragonfly,single,48,48,1,48,0-3,0-95,48,20,1,mget10,100,1000000,20,1,2,1841501.83,38364.62,0.471,1.423,2.863,1.0,18415018.26,0.0,0,4707657.98
20260901-083406,scale-48c,dragonfly,single,48,48,1,48,0-3,0-95,48,20,1,mset10,100,1000000,20,1,2,1069321.5,22277.53,0.575,9.023,19.839,,0.0,0.0,0,2733638.28
20260901-083406,scale-48c,dragonfly,single,48,48,1,48,0-3,0-95,48,20,16,1:10,100,1000000,20,1,1,15503060.15,322980.42,0.879,2.399,3.311,1.0,14093668.69,0.0,0,2155037.86
20260901-083406,scale-48c,dragonfly,single,48,48,1,48,0-3,0-95,48,20,16,1:1,100,1000000,20,1,1,15512666.69,323180.56,0.895,2.127,2.831,1.0,7756328.25,0.0,0,2187359.91
20260901-083406,scale-48c,dragonfly,single,48,48,1,48,0-3,0-95,48,20,16,mget10,100,1000000,20,1,1,2367066.23,49313.88,5.855,12.351,13.631,1.0,23676906.09,0.0,0,6051223.07
20260901-083406,scale-48c,dragonfly,single,48,48,1,48,0-3,0-95,48,20,16,mset10,100,1000000,20,1,1,1341814.55,27954.47,10.943,17.151,21.247,,0.0,0.0,0,3430245.97
20260901-083406,scale-48c,dragonfly,single,48,48,1,48,0-3,0-95,48,20,16,1:10,100,1000000,20,1,2,15444256.64,321755.35,0.887,2.447,3.343,1.0,14040210.92,0.0,0,2146863.57
20260901-083406,scale-48c,dragonfly,single,48,48,1,48,0-3,0-95,48,20,16,1:1,100,1000000,20,1,2,15475981.16,322416.27,0.903,2.111,2.735,1.0,7737986.18,0.0,0,2182187.03
20260901-083406,scale-48c,dragonfly,single,48,48,1,48,0-3,0-95,48,20,16,mget10,100,1000000,20,1,2,2368553.37,49344.86,5.855,11.967,13.631,1.0,23691771.14,0.0,0,6055024.53
20260901-083406,scale-48c,dragonfly,single,48,48,1,48,0-3,0-95,48,20,16,mset10,100,1000000,20,1,2,1341796.99,27954.1,10.943,17.023,20.351,,0.0,0.0,0,3430201.01
20260901-083406,scale-48c,dragonfly,single,48,48,1,48,0-3,0-95,48,20,1,1:10,1024,1000000,20,1,1,2786612.72,58054.43,0.343,0.543,0.687,1.0,2533261.97,0.0,0,2904563.48
20260901-083406,scale-48c,dragonfly,single,48,48,1,48,0-3,0-95,48,20,1,1:1,1024,1000000,20,1,1,2740960.15,57103.34,0.351,0.535,0.679,1.0,1370467.83,0.0,0,2862453.54
20260901-083406,scale-48c,dragonfly,single,48,48,1,48,0-3,0-95,48,20,1,mget10,1024,1000000,20,1,1,436934.44,9102.8,2.191,2.879,3.135,1.0,4369344.37,0.0,0,9010824.3
20260901-083406,scale-48c,dragonfly,single,48,48,1,48,0-3,0-95,48,20,1,mset10,1024,1000000,20,1,1,439512.15,9156.5,1.647,2.351,240.639,,0.0,0.0,0,9063984.04
20260901-083406,scale-48c,dragonfly,single,48,48,1,48,0-3,0-95,48,20,1,1:10,1024,1000000,20,1,2,2749741.24,57286.28,0.343,0.551,0.695,1.0,2499743.46,0.0,0,2866131.24
20260901-083406,scale-48c,dragonfly,single,48,48,1,48,0-3,0-95,48,20,1,1:1,1024,1000000,20,1,2,2816963.48,58686.74,0.335,0.535,0.663,1.0,1408470.04,0.0,0,2941825.75
20260901-083406,scale-48c,dragonfly,single,48,48,1,48,0-3,0-95,48,20,1,mget10,1024,1000000,20,1,2,436930.65,9102.72,2.191,2.863,3.199,1.0,4369306.48,0.0,0,9010746.03
20260901-083406,scale-48c,dragonfly,single,48,48,1,48,0-3,0-95,48,20,1,mset10,1024,1000000,20,1,2,439204.13,9150.09,1.607,2.367,241.663,,0.0,0.0,0,9057631.76
20260901-083406,scale-48c,dragonfly,single,48,48,1,48,0-3,0-95,48,20,16,1:10,1024,1000000,20,1,1,4768058.28,99334.55,3.039,5.855,7.615,1.0,4334574.6,0.0,0,4969878.58
20260901-083406,scale-48c,dragonfly,single,48,48,1,48,0-3,0-95,48,20,16,1:1,1024,1000000,20,1,1,8266631.31,172221.49,1.655,6.463,11.903,1.0,4133291.7,0.0,0,8633050.49
20260901-083406,scale-48c,dragonfly,single,48,48,1,48,0-3,0-95,48,20,16,mget10,1024,1000000,20,1,1,439361.43,9153.36,25.471,224.255,585.727,1.0,4400812.41,0.0,0,9060875.77
20260901-083406,scale-48c,dragonfly,single,48,48,1,48,0-3,0-95,48,20,16,mset10,1024,1000000,20,1,1,436740.16,9098.75,11.711,671.743,3309.567,,0.0,0.0,0,9006817.97
20260901-083406,scale-48c,dragonfly,single,48,48,1,48,0-3,0-95,48,20,16,1:10,1024,1000000,20,1,2,4768201.42,99337.53,3.023,6.239,8.831,1.0,4334705.4,0.0,0,4970027.82
20260901-083406,scale-48c,dragonfly,single,48,48,1,48,0-3,0-95,48,20,16,1:1,1024,1000000,20,1,2,8259404.08,172070.92,1.679,5.695,9.471,1.0,4129678.19,0.0,0,8625502.84
20260901-083406,scale-48c,dragonfly,single,48,48,1,48,0-3,0-95,48,20,16,mget10,1024,1000000,20,1,2,443127.14,9231.82,15.359,487.423,1572.863,1.0,4438469.36,0.0,0,9138535.61
20260901-083406,scale-48c,dragonfly,single,48,48,1,48,0-3,0-95,48,20,16,mset10,1024,1000000,20,1,2,441806.48,9204.3,12.031,675.839,3325.951,,0.0,0.0,0,9111299.67
20260901-083406,scale-48c,redis,cluster,48,48,1,48,0-3,0-95,48,20,1,1:10,100,1000000,20,1,1,1431459.71,29822.08,10.431,17.407,29.183,1.0,1306616.68,0.0,0,198957.45
20260901-083406,scale-48c,redis,cluster,48,48,1,48,0-3,0-95,48,20,1,1:1,100,1000000,20,1,1,1226370.46,25549.38,11.839,27.263,39.423,1.0,619496.48,0.0,0,172893.28
20260901-083406,scale-48c,redis,cluster,48,48,1,48,0-3,0-95,48,20,1,1:10,100,1000000,20,1,2,1394079.86,29043.33,10.431,20.991,30.975,1.0,1270790.84,0.0,0,193770.43
20260901-083406,scale-48c,redis,cluster,48,48,1,48,0-3,0-95,48,20,1,1:1,100,1000000,20,1,2,1283722.62,26744.22,11.199,27.007,42.751,1.0,647949.62,0.0,0,180981.3
20260901-083406,scale-48c,redis,cluster,48,48,1,48,0-3,0-95,48,20,16,1:10,100,1000000,20,1,1,4522030.48,94208.97,86.527,138.239,144.383,1.0,4114609.48,0.0,0,628576.71
20260901-083406,scale-48c,redis,cluster,48,48,1,48,0-3,0-95,48,20,16,1:1,100,1000000,20,1,1,4525507.03,94281.4,85.503,141.311,154.623,1.0,2265071.96,0.0,0,638106.64
20260901-083406,scale-48c,redis,cluster,48,48,1,48,0-3,0-95,48,20,16,1:10,100,1000000,20,1,2,4635002.0,96562.54,81.407,138.239,156.671,1.0,4217300.32,0.0,0,644280.81
20260901-083406,scale-48c,redis,cluster,48,48,1,48,0-3,0-95,48,20,16,1:1,100,1000000,20,1,2,4472894.0,93185.29,84.991,150.527,183.295,1.0,2238506.69,0.0,0,630689.1
20260901-083406,scale-48c,redis,cluster,48,48,1,48,0-3,0-95,48,20,1,1:10,1024,1000000,20,1,1,1413203.42,29441.74,10.751,20.991,33.023,1.0,1288311.71,0.0,0,1473003.38
20260901-083406,scale-48c,redis,cluster,48,48,1,48,0-3,0-95,48,20,1,1:1,1024,1000000,20,1,1,1181406.13,24612.63,12.287,28.031,39.679,1.0,596716.07,0.0,0,1233742.72
20260901-083406,scale-48c,redis,cluster,48,48,1,48,0-3,0-95,48,20,1,1:10,1024,1000000,20,1,2,1440310.24,30006.46,10.367,20.863,30.975,1.0,1312854.38,0.0,0,1501258.08
20260901-083406,scale-48c,redis,cluster,48,48,1,48,0-3,0-95,48,20,1,1:1,1024,1000000,20,1,2,1217309.63,25360.62,11.583,29.567,41.983,1.0,614951.99,0.0,0,1271236.21
20260901-083406,scale-48c,redis,cluster,48,48,1,48,0-3,0-95,48,20,16,1:10,1024,1000000,20,1,1,3618940.23,75394.59,96.767,226.303,242.687,1.0,3292895.69,0.0,0,3772106.58
20260901-083406,scale-48c,redis,cluster,48,48,1,48,0-3,0-95,48,20,16,1:1,1024,1000000,20,1,1,3601825.31,75038.03,105.471,225.279,272.383,1.0,1802938.87,0.0,0,3761466.34
20260901-083406,scale-48c,redis,cluster,48,48,1,48,0-3,0-95,48,20,16,1:10,1024,1000000,20,1,2,3726987.55,77645.57,92.671,223.231,232.447,1.0,3390993.86,0.0,0,3884727.94
20260901-083406,scale-48c,redis,cluster,48,48,1,48,0-3,0-95,48,20,16,1:1,1024,1000000,20,1,2,3892914.13,81102.38,95.231,214.015,253.951,1.0,1948325.53,0.0,0,4065458.67
20260901-083406,scale-48c,valkey,cluster,48,48,1,48,0-3,0-95,48,20,1,1:10,100,1000000,20,1,1,1436802.25,29933.38,10.815,17.279,25.727,1.0,1313545.72,0.0,0,199689.87
20260901-083406,scale-48c,valkey,cluster,48,48,1,48,0-3,0-95,48,20,1,1:1,100,1000000,20,1,1,1236371.7,25757.74,11.711,28.031,40.703,1.0,624977.57,0.0,0,174301.16
20260901-083406,scale-48c,valkey,cluster,48,48,1,48,0-3,0-95,48,20,1,1:10,100,1000000,20,1,2,1478589.34,30803.94,9.983,19.711,32.383,1.0,1348025.74,0.0,0,205515.86
20260901-083406,scale-48c,valkey,cluster,48,48,1,48,0-3,0-95,48,20,1,1:1,100,1000000,20,1,2,1219128.87,25398.52,11.775,27.903,38.911,1.0,616125.82,0.0,0,171870.96
20260901-083406,scale-48c,valkey,cluster,48,48,1,48,0-3,0-95,48,20,16,1:10,100,1000000,20,1,1,4562773.75,95057.79,84.991,139.263,147.455,1.0,4152600.71,0.0,0,634235.93
20260901-083406,scale-48c,valkey,cluster,48,48,1,48,0-3,0-95,48,20,16,1:1,100,1000000,20,1,1,4487708.98,93493.94,84.991,145.407,162.815,1.0,2246553.0,0.0,0,632775.11
20260901-083406,scale-48c,valkey,cluster,48,48,1,48,0-3,0-95,48,20,16,1:10,100,1000000,20,1,2,4430904.46,92310.51,86.527,142.335,167.935,1.0,4032645.53,0.0,0,615905.5
20260901-083406,scale-48c,valkey,cluster,48,48,1,48,0-3,0-95,48,20,16,1:1,100,1000000,20,1,2,4314251.71,89880.24,88.063,153.599,182.271,1.0,2159870.56,0.0,0,608316.45
20260901-083406,scale-48c,valkey,cluster,48,48,1,48,0-3,0-95,48,20,1,1:10,1024,1000000,20,1,1,1424884.81,29685.1,10.623,20.223,31.743,1.0,1299298.54,0.0,0,1485177.46
20260901-083406,scale-48c,valkey,cluster,48,48,1,48,0-3,0-95,48,20,1,1:1,1024,1000000,20,1,1,1206785.64,25141.37,12.031,26.623,37.119,1.0,609879.84,0.0,0,1260244.88
20260901-083406,scale-48c,valkey,cluster,48,48,1,48,0-3,0-95,48,20,1,1:10,1024,1000000,20,1,2,1431887.4,29830.99,10.559,19.455,29.439,1.0,1305479.39,0.0,0,1492477.35
20260901-083406,scale-48c,valkey,cluster,48,48,1,48,0-3,0-95,48,20,1,1:1,1024,1000000,20,1,2,1223850.56,25496.89,11.775,26.623,38.143,1.0,618143.81,0.0,0,1278067.47
20260901-083406,scale-48c,valkey,cluster,48,48,1,48,0-3,0-95,48,20,16,1:10,1024,1000000,20,1,1,3656790.89,76183.14,96.767,218.111,245.759,1.0,3327661.76,0.0,0,3811557.6
20260901-083406,scale-48c,valkey,cluster,48,48,1,48,0-3,0-95,48,20,16,1:1,1024,1000000,20,1,1,3593907.64,74873.08,108.543,226.303,270.335,1.0,1799548.89,0.0,0,3753195.07
20260901-083406,scale-48c,valkey,cluster,48,48,1,48,0-3,0-95,48,20,16,1:10,1024,1000000,20,1,2,3542228.81,73796.43,99.839,222.207,278.527,1.0,3222874.22,0.0,0,3692149.5
20260901-083406,scale-48c,valkey,cluster,48,48,1,48,0-3,0-95,48,20,16,1:1,1024,1000000,20,1,2,3626533.69,75552.79,102.911,221.183,270.335,1.0,1816118.8,0.0,0,3787265.96
20260901-083406,sat-scale-4c,redis,cluster-sat,4,4,1,4,0-3,0-95,8,15,16,1:10,100,100000,15,1,1,5194091.55,1298522.89,0.363,0.655,0.775,1.0,4721897.38,0.0,0,701220.89
20260901-083406,sat-scale-4c,redis,cluster-sat,4,4,1,4,0-3,0-95,8,15,16,1:1,100,100000,15,1,1,4790773.87,1197693.47,0.395,0.735,0.847,1.0,2395386.94,0.0,0,656341.38
20260901-083406,sat-scale-4c,redis,cluster-sat,4,4,1,4,0-3,0-95,8,15,16,1:10,1024,100000,15,1,1,2809542.36,702385.59,0.663,1.159,1.319,1.0,2554125.64,0.0,0,2917215.75
20260901-083406,sat-scale-4c,valkey,cluster-sat,4,4,1,4,0-3,0-95,8,15,16,1:10,100,100000,15,1,1,4956608.87,1239152.22,0.395,0.687,0.791,1.0,4506004.62,0.0,0,669160.01
20260901-083406,sat-scale-4c,valkey,cluster-sat,4,4,1,4,0-3,0-95,8,15,16,1:1,100,100000,15,1,1,4809122.98,1202280.75,0.399,0.735,0.847,1.0,2404561.49,0.0,0,658855.23
20260901-083406,sat-scale-4c,valkey,cluster-sat,4,4,1,4,0-3,0-95,8,15,16,1:10,1024,100000,15,1,1,2693597.21,673399.3,0.691,1.167,1.359,1.0,2448720.37,0.0,0,2796827.11
20260901-083406,sat-scale-8c,redis,cluster-sat,8,8,1,8,0-7,0-95,16,15,16,1:10,100,100000,15,1,1,9191907.87,1148988.48,0.419,0.775,0.895,1.0,8356272.78,0.0,0,1245833.41
20260901-083406,sat-scale-8c,redis,cluster-sat,8,8,1,8,0-7,0-95,16,15,16,1:1,100,100000,15,1,1,8686636.22,1085829.53,0.439,0.815,0.927,1.0,4343318.11,0.0,0,1194651.31
20260901-083406,sat-scale-8c,redis,cluster-sat,8,8,1,8,0-7,0-95,16,15,16,1:10,1024,100000,15,1,1,4969883.19,621235.4,0.723,1.439,1.775,1.0,4518067.53,0.0,0,5163157.64
20260901-083406,sat-scale-8c,valkey,cluster-sat,8,8,1,8,0-7,0-95,16,15,16,1:10,100,100000,15,1,1,8787160.98,1098395.12,0.447,0.791,0.895,1.0,7988321.42,0.0,0,1190975.32
20260901-083406,sat-scale-8c,valkey,cluster-sat,8,8,1,8,0-7,0-95,16,15,16,1:1,100,100000,15,1,1,8459697.77,1057462.22,0.467,0.823,0.935,1.0,4229848.87,0.0,0,1163560.6
20260901-083406,sat-scale-8c,valkey,cluster-sat,8,8,1,8,0-7,0-95,16,15,16,1:10,1024,100000,15,1,1,4950635.05,618829.38,0.739,1.439,1.799,1.0,4500569.59,0.0,0,5142938.33
20260901-083406,sat-scale-16c,redis,cluster-sat,16,16,1,16,0-15,0-95,32,15,16,1:10,100,100000,15,1,1,15787730.96,986733.19,0.495,0.935,1.079,1.0,14352467.93,0.0,0,2143964.51
20260901-083406,sat-scale-16c,redis,cluster-sat,16,16,1,16,0-15,0-95,32,15,16,1:1,100,100000,15,1,1,14951124.76,934445.3,0.511,0.959,1.103,1.0,7475562.38,0.0,0,2060301.47
20260901-083406,sat-scale-16c,redis,cluster-sat,16,16,1,16,0-15,0-95,32,15,16,1:10,1024,100000,15,1,1,5489709.55,343106.85,1.271,3.135,21.631,1.0,4990629.38,0.0,0,5704452.93
20260901-083406,sat-scale-16c,valkey,cluster-sat,16,16,1,16,0-15,0-95,32,15,16,1:10,100,100000,15,1,1,15216163.03,951010.19,0.503,0.951,1.079,1.0,13832861.02,0.0,0,2066402.26
20260901-083406,sat-scale-16c,valkey,cluster-sat,16,16,1,16,0-15,0-95,32,15,16,1:1,100,100000,15,1,1,14732864.28,920804.02,0.519,0.983,1.111,1.0,7366432.15,0.0,0,2030352.72
20260901-083406,sat-scale-16c,valkey,cluster-sat,16,16,1,16,0-15,0-95,32,15,16,1:10,1024,100000,15,1,1,5462306.68,341394.17,1.299,3.327,24.703,1.0,4965718.15,0.0,0,5676045.41
20260901-083406,sat-scale-24c,redis,cluster-sat,24,24,1,24,0-23,0-95,48,15,16,1:10,100,100000,15,1,1,22513940.78,938080.87,0.511,1.031,1.215,1.0,20467196.66,0.0,0,3057509.52
20260901-083406,sat-scale-24c,redis,cluster-sat,24,24,1,24,0-23,0-95,48,15,16,1:1,100,100000,15,1,1,21293849.79,887243.74,0.535,1.055,1.279,1.0,10646924.92,0.0,0,2934134.4
20260901-083406,sat-scale-24c,redis,cluster-sat,24,24,1,24,0-23,0-95,48,15,16,1:10,1024,100000,15,1,1,6028041.88,251168.41,2.127,3.151,4.767,1.0,5480013.89,0.0,0,6263869.0
20260901-083406,sat-scale-24c,valkey,cluster-sat,24,24,1,24,0-23,0-95,48,15,16,1:10,100,100000,15,1,1,21682842.09,903451.75,0.535,1.039,1.271,1.0,19711652.53,0.0,0,2944557.96
20260901-083406,sat-scale-24c,valkey,cluster-sat,24,24,1,24,0-23,0-95,48,15,16,1:1,100,100000,15,1,1,21086920.34,878621.68,0.543,1.055,1.223,1.0,10543460.19,0.0,0,2905731.5
20260901-083406,sat-scale-24c,valkey,cluster-sat,24,24,1,24,0-23,0-95,48,15,16,1:10,1024,100000,15,1,1,5889288.7,245387.03,1.919,3.711,23.039,1.0,5353875.56,0.0,0,6119667.83
20260901-083406,sat-scale-48c,redis,cluster-sat,48,48,1,48,0-47,0-95,96,15,16,1:10,100,100000,15,1,1,40576639.07,845346.65,0.559,1.511,4.639,1.0,36887809.61,0.0,0,5524539.18
20260901-083406,sat-scale-48c,redis,cluster-sat,48,48,1,48,0-47,0-95,96,15,16,1:1,100,100000,15,1,1,39585921.77,824706.7,0.575,1.487,3.359,1.0,19792960.9,0.0,0,5468255.37
20260901-083406,sat-scale-48c,redis,cluster-sat,48,48,1,48,0-47,0-95,96,15,16,1:10,1024,100000,15,1,1,7654922.69,159477.56,3.391,7.743,12.415,1.0,6958973.04,0.0,0,7956885.58
20260901-083406,sat-scale-48c,valkey,cluster-sat,48,48,1,48,0-47,0-95,96,15,16,1:10,100,100000,15,1,1,40183221.4,837150.45,0.567,1.319,3.503,1.0,36530157.34,0.0,0,5470677.03
20260901-083406,sat-scale-48c,valkey,cluster-sat,48,48,1,48,0-47,0-95,96,15,16,1:1,100,100000,15,1,1,39444548.25,821761.42,0.571,1.431,4.159,1.0,19722274.12,0.0,0,5449015.19
20260901-083406,sat-scale-48c,valkey,cluster-sat,48,48,1,48,0-47,0-95,96,15,16,1:10,1024,100000,15,1,1,7609925.5,158540.11,3.391,7.295,12.031,1.0,6918066.5,0.0,0,7910084.83
